Price,Close,High,Low,Open,Volume,Daily_Return,MA5,MA10,Volatility,RSI,MACD,Actual,Predicted_Logistic,Predicted_RF
2022-10-21,144.7055969,145.2754992,140.1660346,140.382205,86548600,0.027059189,141.6261627,139.5067246,0.020306851,57.58817554,-2.489500263,1,1,1
2022-10-24,146.8476257,147.6140424,143.4577035,144.6269845,75981900,0.014802667,143.0096435,140.3940003,0.020494028,55.52983584,-1.85110025,1,1,0
2022-10-25,149.6873169,149.834714,146.7592115,147.4764959,74732300,0.019337672,144.6977295,141.7067368,0.019944579,59.03285501,-1.103306067,0,1,1
2022-10-26,146.7493896,149.343419,145.462188,148.3313555,88194300,-0.019627096,145.7766144,142.7885696,0.02161257,55.61604566,-0.739218716,0,1,1
2022-10-27,142.2786102,146.4546053,141.6202787,145.4916741,109180200,-0.030465404,146.0537079,142.9664185,0.022616989,56.9041602,-0.80218432,1,1,1
2022-10-28,153.0281372,154.7574853,145.2460483,145.6194213,164762400,0.075552657,147.7182159,144.6721893,0.029419328,67.12882655,0.015137482,0,1,0
2022-10-31,150.6698608,151.554198,149.2745893,150.4930024,97943200,-0.015410737,148.4826629,145.7461532,0.029950472,65.71795326,0.467192201,0,1,0
2022-11-01,148.0267487,152.74317,146.533227,152.3796175,80379300,-0.017542408,148.1505493,146.4241394,0.030985888,62.89548922,0.605195449,0,1,0
2022-11-02,142.5046082,149.5202796,142.4751317,146.3563478,93604600,-0.037305018,147.301593,146.5391037,0.033792086,52.09446474,0.265908205,0,1,1
2022-11-03,136.4617157,140.3134557,136.3339746,139.5863358,97918500,-0.042404892,146.1382141,146.095961,0.036536558,50.49760491,-0.48499953,0,1,1
2022-11-04,136.1959381,140.418222,132.2590705,139.8473744,140814800,-0.001947635,142.7717743,145.2449951,0.035041054,45.91177186,-1.088992127,1,1,1
2022-11-07,136.727417,136.9537827,133.5287119,134.9459867,83374600,0.003902311,139.9832855,144.2329742,0.034504719,44.96561114,-1.507398357,1,1,1
2022-11-08,137.2982788,139.1978105,135.3200079,138.1939199,89908500,0.004175182,137.8375916,142.9940704,0.033558909,45.52723659,-1.772492344,0,1,1
2022-11-09,132.7413635,136.3632905,132.4657839,136.3140766,74917800,-0.033189894,135.8849426,141.5932678,0.034341163,41.75653084,-2.323502331,1,1,1
2022-11-10,144.5519562,144.5519562,137.2982812,139.0108243,118854000,0.088974472,137.5029907,141.8206024,0.045260021,49.8662645,-1.78657111,1,1,0
2022-11-11,147.3372955,147.6424004,142.0914166,143.5185434,93979700,0.019268776,139.7312622,141.2515183,0.03809598,50.42150914,-1.123346407,0,1,0
2022-11-14,145.9397125,147.9081468,145.103122,146.6188247,73374100,-0.009485602,141.5737213,140.7785034,0.037929778,46.69192052,-0.702412348,1,1,0
2022-11-15,147.6719055,151.1658787,146.2152686,149.8175063,89868300,0.011869237,143.6484466,140.7430191,0.037778553,50.83203284,-0.226435368,0,1,1
2022-11-16,146.4416656,147.504622,144.9653399,146.7763109,64218300,-0.0083309,146.3885071,141.1367248,0.035615869,53.98783549,0.050922733,1,1,0
2022-11-17,148.3411865,149.089186,143.8433077,144.1188872,80389400,0.012971178,147.1463531,142.3246719,0.03182631,44.59367554,0.419174505,1,1,0
2022-11-18,148.9021912,150.2899408,147.6030325,149.9060968,74829600,0.003781854,147.4593323,143.5952972,0.031662063,47.87282263,0.747666446,0,1,1
2022-11-21,145.6739502,147.9967029,145.3885339,147.7900257,58724100,-0.021680279,147.4061798,144.4899506,0.033153455,47.20800911,0.738988012,1,1,0
2022-11-22,147.8096924,148.0459099,144.6109873,145.7920597,51804100,0.014661113,147.4337372,145.5410919,0.033225715,56.84555563,0.894139751,1,1,0
2022-11-23,148.6856842,149.4336838,146.9829778,147.0912423,58301400,0.005926484,147.8825409,147.135524,0.029998689,68.2004601,1.075387442,0,1,1
2022-11-25,145.7723846,146.530236,144.7980044,145.969225,35195900,-0.019593679,147.3687805,147.2575668,0.014716972,63.21654671,0.972735523,0,0,0
2022-11-28,141.9437866,144.3255901,141.1170479,142.8492645,69246000,-0.02626422,145.9770996,146.7182159,0.015441632,56.59863551,0.5758097,0,1,1
2022-11-29,138.941925,142.5244747,138.1348748,142.0126776,83763800,-0.021148242,144.6306946,146.0184372,0.016348146,51.95872129,0.018801253,1,1,1
2022-11-30,145.6936493,146.3727615,138.3317099,139.1682854,111380900,0.048593859,144.2074859,145.8206116,0.023195099,64.66785848,0.120783454,1,1,0
2022-12-01,145.969223,146.7762882,144.2960571,145.8708103,71250400,0.00189146,143.6641937,145.7733673,0.02306632,52.17259494,0.221290676,0,1,0
2022-12-02,145.4771118,145.6641154,143.3511995,143.6563194,65447400,-0.003371335,143.6051391,145.4869598,0.022612903,46.93278751,0.258257086,0,1,1
2022-12-05,144.3157349,148.5380189,143.4693077,145.4377416,68826400,-0.007983228,144.0795288,145.0283142,0.022600883,47.30124014,0.191630821,0,1,0
2022-12-06,140.6544647,144.975177,139.6800844,144.7488113,64727200,-0.025369861,144.4220367,144.5263657,0.022968716,39.0409187,-0.154820209,0,1,1
2022-12-07,138.7155457,141.1071857,137.7903793,139.9458169,69721100,-0.01378498,143.026416,143.616951,0.022252142,38.19547075,-0.57916347,1,1,1
2022-12-08,140.3985443,141.2548233,138.87302,140.113128,62128300,0.012132732,141.9122803,142.788237,0.022707056,37.78382545,-0.770769686,0,1,1
2022-12-09,139.9163055,143.2724894,138.6761824,140.0934574,76097000,-0.003434785,140.800119,142.2026291,0.022160236,36.14569779,-0.950574009,1,1,1
2022-12-12,142.2095184,142.2193552,138.8336463,140.4477616,70462700,0.01638989,140.3788757,142.2292023,0.021465835,44.50001471,-0.897679227,1,1,1
2022-12-13,143.1740723,147.6030495,141.9634894,147.1404662,93886200,0.006782625,140.8827972,142.652417,0.020127119,42.35644819,-0.769063012,0,1,1
2022-12-14,140.949707,144.3452523,138.9320594,143.0559306,82291200,-0.01553609,141.3296295,142.1780228,0.013009021,37.78739613,-0.836973319,0,1,1
2022-12-15,134.3456116,139.5619643,133.8830284,138.8828522,98931900,-0.046854268,140.119043,141.0156616,0.018745384,33.84355771,-1.407463666,0,1,1
2022-12-16,132.3870392,135.4774803,131.619351,134.5326403,160156900,-0.014578611,138.6131897,139.7066544,0.018766077,35.73316321,-1.99462896,0,1,1
2022-12-19,130.2807617,133.0660968,129.2473462,132.9775209,79592600,-0.015909998,136.2274384,138.303157,0.018874957,36.71490287,-2.599950072,0,1,1
2022-12-20,130.2118988,131.1469019,127.8399325,129.3162578,77432800,-0.000528573,133.6350037,137.2589005,0.018254235,20.12909164,-3.050068779,1,1,0
2022-12-21,133.3121796,134.6507152,130.6547969,130.8811626,85928000,0.023809505,132.1074982,136.7185638,0.020550277,27.97942936,-3.120651421,0,1,1
2022-12-22,130.1430054,132.4362327,128.2434738,132.2295556,77852100,-0.023772578,131.2669769,135.6930099,0.020599121,25.59522319,-3.393199849,0,1,1
2022-12-23,129.7788696,130.3300288,127.5939064,128.8537031,63814900,-0.002797967,130.745343,134.6792664,0.020613594,26.2616588,-3.597113868,0,1,0
2022-12-27,127.9777527,129.3359771,126.6884306,129.3064518,69007800,-0.013878353,130.2847412,133.2560898,0.018899599,27.96029379,-3.859561655,0,1,1
2022-12-28,124.0507126,128.9619534,123.8833975,127.6234176,85438400,-0.030685334,129.052504,131.3437538,0.018844786,26.15235855,-4.334467688,1,1,1
2022-12-29,127.5643692,128.4206332,125.7140439,125.9699349,75703700,0.028324356,127.9029419,130.00522,0.023092026,30.30213766,-4.376857726,1,1,1
2022-12-30,127.8792725,127.898961,125.4187381,126.3832738,77034200,0.002468584,127.4501953,129.3585861,0.019213048,31.43020535,-4.335070082,0,1,1
2023-01-03,123.0960236,128.8340031,122.2102267,128.2237934,112117500,-0.037404411,126.1136261,128.4294846,0.02170421,22.61699246,-4.634497681,1,1,1
2023-01-04,124.365654,126.629356,123.1058575,124.8872878,89113600,0.010314146,125.3912064,127.8379738,0.022093843,23.28756469,-4.714996107,0,1,1
2023-01-05,123.0468063,125.7534031,122.7909153,125.1235048,80962700,-0.010604597,125.1904251,127.1214646,0.022126641,23.90235758,-4.829539749,1,1,1
2023-01-06,127.5742035,128.2336271,122.9188613,124.021187,87754700,0.036794106,125.192392,126.5476669,0.02430631,39.49294341,-4.503084538,1,1,0
2023-01-09,128.0958405,131.3043976,127.8399494,128.4107971,70790800,0.004088891,125.2357056,126.3429505,0.023383138,43.03064782,-4.154385515,1,1,1
2023-01-10,128.6667023,129.1883362,126.0978949,128.204119,63896200,0.004456521,126.3498413,126.2317337,0.023445264,47.24099896,-3.788306017,1,1,1
2023-01-11,131.3831329,131.4028065,128.4009566,129.1784814,69458900,0.021112149,127.7533371,126.5722717,0.023852964,51.83588443,-3.241624698,0,1,0
2023-01-12,131.3043976,132.140973,129.3654888,131.7669808,71379600,-0.00059928,129.4048554,127.2976402,0.020857304,46.52353983,-2.78265241,1,1,0
2023-01-13,132.6330872,132.7905655,129.5820232,129.9461788,57809700,0.010119155,130.4166321,127.804512,0.019427559,54.60506602,-2.285355266,1,1,0
2023-01-17,133.7944641,135.1231481,132.0130337,132.7019826,63646600,0.008756314,131.5563568,128.3960312,0.019471509,57.21358088,-1.777045611,0,1,1
2023-01-18,133.0759888,136.4223206,132.8988219,134.6605788,69672800,-0.005369993,132.4382141,129.3940277,0.013490937,59.52908173,-1.415860343,1,1,1
2023-01-19,133.1350708,134.0995995,131.6587449,131.9638499,58280400,0.000443972,132.7886017,130.2709694,0.013655295,69.84960249,-1.112032177,1,1,0
2023-01-20,135.693985,135.8416265,132.1015992,133.1448667,80223600,0.019220437,133.6665192,131.5356873,0.012620337,68.53687171,-0.657187528,1,1,1
2023-01-23,138.8828583,141.0579844,135.7235152,135.9400441,81760300,0.023500476,134.9164734,132.6665528,0.009874341,72.18268079,-0.038955388,1,1,1
2023-01-24,140.2804871,140.9005487,138.0856867,138.0955235,66435100,0.010063364,136.213678,133.8850174,0.009752889,90.1195322,0.557350214,0,1,0
2023-01-25,139.6210327,140.1820286,136.6191677,138.666341,65799300,-0.00470097,137.5226868,134.9804504,0.010634724,86.6602961,0.965583594,1,1,1
2023-01-26,141.6878662,141.9732825,139.6603669,140.9103265,54105100,0.014803167,139.2332459,136.0109238,0.009952457,93.24191032,1.439296367,1,1,0
2023-01-27,143.6267548,144.9062396,140.8217458,140.900485,70555800,0.013684225,140.8197998,137.2431595,0.00966192,92.31955016,1.948705791,0,1,0
2023-01-30,140.7430267,143.252783,140.5954002,142.6720986,64015300,-0.020077931,141.1918335,138.0541535,0.013318337,79.64929334,2.095567278,1,1,1
2023-01-31,142.0126495,142.0618634,140.034379,140.4477483,65874500,0.009020858,141.538266,138.875972,0.01332461,80.29488521,2.288029038,1,1,1
2023-02-01,143.1346893,144.2960733,139.0895714,141.6977407,77663600,0.007900985,142.2409973,139.881842,0.012706397,78.75724196,2.50225121,1,1,1
2023-02-02,148.4396057,148.7939094,145.8314218,146.549896,118339000,0.037062409,143.5913452,141.4122955,0.015461384,83.39086905,3.064757626,1,1,0
2023-02-03,152.0615234,154.8960731,145.496798,145.6936384,154357300,0.024399942,145.2782989,143.0490494,0.015847522,84.7535216,3.759469675,0,1,0
2023-02-06,149.3352203,150.6836077,148.4002173,150.1619739,69858300,-0.017928948,146.9967376,144.0942856,0.017689128,76.32538154,4.043433914,1,1,0
2023-02-07,152.2091675,152.7800152,148.2624623,148.2624623,83322600,0.019244939,149.0360412,145.2871536,0.018075487,80.20505201,4.449094745,0,1,1
2023-02-08,149.5222778,152.1402992,148.7841149,151.4513502,64120100,-0.017652614,150.3135589,146.2772781,0.019520093,73.88808638,4.501879469,0,1,0
2023-02-09,148.4888153,151.8942128,148.0459207,151.3528904,56007100,-0.006911763,150.3234009,146.957373,0.019767496,69.51948618,4.409490099,1,1,0
2023-02-10,148.8535309,149.1788202,147.0890992,147.3256773,57450700,0.002456182,149.6818024,147.4800506,0.01952892,66.6453367,4.315948788,1,1,1
2023-02-13,151.6529999,152.0571336,148.764833,148.7944034,62199000,0.01880687,150.1453583,148.571048,0.018074031,68.13671291,4.416796298,0,1,1
2023-02-14,151.0122375,151.5741049,148.7056573,149.9476586,61707600,-0.004225188,149.9059723,149.4710068,0.018443194,68.17735987,4.39435907,1,1,1
2023-02-15,153.1118469,153.2794175,150.6968366,150.9235479,65573800,0.013903571,150.6238861,150.4687225,0.018597572,68.21061265,4.494192088,0,1,0
2023-02-16,151.5149994,154.0975805,151.1601397,151.3178434,68167900,-0.010429288,151.2291229,150.7762619,0.015913971,62.71303799,4.393809129,0,1,0
2023-02-17,150.3715515,150.8151224,148.6958309,150.1744106,59144100,-0.007546764,151.532727,150.6072647,0.014052459,66.43993462,4.173874396,0,1,1
2023-02-21,146.3596649,149.1394018,146.2906724,148.0551041,58867200,-0.026679824,150.47406,150.3097092,0.015427088,56.78665185,3.633958801,1,1,1
2023-02-22,146.7835388,147.8086808,145.0585292,146.7441016,51011300,0.002896111,149.6283203,149.7671463,0.0137073,55.82361435,3.203348673,1,0,0
2023-02-23,147.2665405,148.1931196,145.1373971,147.9466896,48394200,0.003290571,148.459259,149.5415726,0.012886544,47.78718166,2.868000718,0,0,0
2023-02-24,144.6149597,145.088101,143.6390917,145.0092416,55469600,-0.018005317,147.0792511,149.154187,0.013850962,35.41936323,2.361057833,1,1,1
2023-02-27,145.807663,147.0398126,145.3443735,145.6006702,44998500,0.008247441,146.1664734,148.8496002,0.014200351,42.65159513,2.032118139,0,0,0
2023-02-28,145.3049316,146.9510816,144.7332125,144.950072,50547000,-0.003447908,145.9555267,148.2147934,0.012182145,34.04086325,1.711139884,0,0,1
2023-03-01,143.2349396,145.1275198,142.9392206,144.7332379,55479000,-0.014245848,145.2458069,147.4370636,0.012589792,35.0401802,1.275033458,1,1,1
2023-03-02,143.8263702,144.614949,141.8450639,142.3182202,52238100,0.004129094,144.5577728,146.5085159,0.011249808,38.66801164,0.966003987,1,1,1
2023-03-03,148.8732452,148.9521046,145.2260854,145.9259379,70732300,0.035090053,145.4094299,146.2443405,0.017051908,50.03903171,1.115478003,1,1,0
2023-03-06,151.6332703,154.0679992,151.2685588,151.5938331,87558000,0.01853943,146.5745514,146.3705124,0.018013924,49.9608769,1.440048217,0,1,1
2023-03-07,149.4350891,151.8303804,148.9717997,151.5050911,56182000,-0.014496695,147.4005829,146.6780548,0.016262085,47.05450206,1.502576827,1,1,1
2023-03-08,150.6869812,151.2784191,149.6618392,150.6278404,47204800,0.008377498,148.8909912,147.068399,0.016380118,45.3232105,1.634309134,0,0,1
2023-03-09,148.4395294,152.3331193,148.0846697,151.3671182,53833600,-0.014914705,149.813623,147.1856979,0.01729901,44.21361899,1.539609696,0,1,0
2023-03-10,146.3793945,148.7845533,145.5021045,148.0649821,68572400,-0.013878614,149.3148529,147.3621414,0.016840328,42.73935728,1.283528324,1,1,1
2023-03-13,148.3212738,150.9531441,145.5908255,145.6992553,84457100,0.01326607,148.6524536,147.6135025,0.017141146,53.85813066,1.223175418,1,1,1
2023-03-14,150.410965,151.2093955,147.9565325,149.1196746,73695900,0.014088951,148.8476288,148.1241058,0.017434404,56.69573931,1.328650069,1,1,1
2023-03-15,150.8052368,151.0615185,147.7790706,149.0309386,77167900,0.002621297,148.8712799,148.8811356,0.01629523,56.55342273,1.427597475,1,1,1
2023-03-16,153.6244049,154.2256945,149.4745188,149.9870972,76161100,0.018694099,149.908255,149.860939,0.016823083,66.58194678,1.713742356,0,1,1
2023-03-17,152.7865753,154.5017333,152.0768558,153.8511546,98944600,-0.005453753,151.1896912,150.252272,0.013854902,63.01474781,1.851564704,1,1,1
2023-03-20,155.152298,155.5663135,151.9487085,152.855584,73641400,0.015483839,152.555896,150.6041748,0.013495409,67.17091982,2.127163344,1,1,1
2023-03-21,157.0054474,157.1237289,154.3045697,155.073445,73938300,0.011944067,153.8747925,151.3612106,0.012364534,74.19469326,2.466676608,0,1,1
2023-03-22,155.5761414,159.8245908,155.5564228,157.0251505,75701800,-0.009103544,154.8289734,151.8501267,0.01305407,70.05383051,2.590548042,1,1,1
2023-03-23,156.6604462,159.2430424,155.4282964,156.5618832,67622100,0.006969609,155.4361817,152.6722183,0.011394839,65.36967304,2.744573644,1,1,1
2023-03-24,157.9615631,158.0502743,155.5958421,156.5914135,59196500,0.008305331,156.4711792,153.8304352,0.009149015,63.25346893,2.937764583,0,1,1
2023-03-27,156.0197296,158.4741773,155.6155809,157.6560281,52390300,-0.012293076,156.6446655,154.6002808,0.0108311,63.94002374,2.900742109,0,0,1
2023-03-28,155.3987122,156.2267282,153.752562,155.7141497,45992200,-0.003980377,156.3233185,155.0990555,0.010675749,60.24874088,2.789139157,1,0,1
2023-03-29,158.4741821,158.7501825,157.0744618,157.0941653,51305700,0.019790833,156.9029266,155.86595,0.011865489,71.06801749,2.915252516,1,0,1
2023-03-30,160.0414734,160.1499032,158.9670424,159.2233241,49501700,0.009889884,157.5791321,156.5076569,0.011037151,79.2900448,3.105863115,1,0,0
2023-03-31,162.5451965,162.6437745,159.5979038,160.1203341,68749800,0.015644214,158.4958588,157.483519,0.011012709,79.77722495,3.41953465,1,1,0
2023-04-03,163.7970276,163.9153091,161.8748773,161.9241663,56976200,0.007701434,160.0513184,158.347992,0.010554298,79.04200712,3.726180816,0,1,0
2023-04-04,163.2647858,164.4574984,162.7522072,164.2209352,46278300,-0.003249398,161.6245331,158.9739258,0.010614878,76.87100153,3.881509027,0,0,0
2023-04-05,161.4214478,162.6930346,159.4894456,162.3874639,51511700,-0.011290481,162.2139862,159.5584564,0.010931891,67.55444273,3.811924292,1,0,0
2023-04-06,162.3086395,162.6043585,159.686621,160.1104734,45390100,0.00549612,162.6674194,160.1232758,0.010893518,71.3906506,3.784738731,0,0,0
2023-04-10,159.7161713,159.7161713,157.7940207,159.1148816,47716900,-0.01597246,162.1016144,160.2987366,0.012338237,60.14903006,3.513501997,0,0,0
2023-04-11,158.5037537,160.0414742,158.2178865,160.0316224,47644200,-0.007591076,161.0429596,160.547139,0.011847857,53.42963074,3.164237602,0,0,0
2023-04-12,157.8137512,159.7457537,157.4983137,158.9177526,50133100,-0.004353225,159.9527527,160.7886429,0.011868093,55.30132564,2.799494784,1,0,1
2023-04-13,163.195755,163.4323332,159.114876,159.3218837,68445600,0.034103516,160.3076141,161.2608002,0.014804515,62.86379515,2.911158181,0,1,0
2023-04-14,162.850769,163.9449186,161.4806192,162.2396126,49386500,-0.00211394,160.41604,161.5417297,0.014673273,60.00008738,2.937947906,1,0,0
2023-04-17,162.8704529,163.0281716,161.6875923,162.7324527,41516200,0.000120871,161.0468964,161.5742554,0.013848255,65.20783342,2.927026345,1,0,0
2023-04-18,164.0927582,165.0193371,163.2844608,163.7280467,49923000,0.00750477,162.1646973,161.6038284,0.013836688,68.79797453,2.982618976,1,0,0
2023-04-19,165.2362061,165.7586363,163.1760404,163.4323371,47720200,0.006968302,163.6491882,161.8009705,0.013925272,65.95348849,3.083399714,0,0,1
2023-04-20,164.2701721,165.4727513,163.1957413,163.7181715,52456400,-0.005846382,163.8640717,162.0858429,0.013478149,60.26798141,3.050157982,0,0,0
2023-04-21,162.6634674,164.0730393,162.1410372,162.6930378,58337300,-0.009780867,163.8266113,162.1213257,0.013876551,50.30026139,2.861184079,1,1,0
2023-04-24,162.9690399,163.2351884,161.5496011,162.6437506,41949600,0.001878556,163.8463287,162.4466126,0.012643488,47.79184412,2.70489767,0,0,0
2023-04-25,161.4313507,163.9350726,161.3919135,162.8310711,48714100,-0.009435468,163.3140472,162.7393723,0.012812709,45.35929569,2.428961343,0,0,0
2023-04-26,161.4214478,162.9197459,160.4751653,160.731447,45498800,-6.13E-05,162.5510956,163.1001419,0.012650657,50,2.184301467,1,0,0
2023-04-27,166.0050812,166.1529331,162.8310621,162.8310621,64902300,0.028395442,162.8980774,163.3810745,0.011090477,58.54990754,2.333370024,1,1,0
2023-04-28,167.2569122,167.4244978,165.4826288,166.0839184,55275900,0.00754092,163.8167664,163.8216889,0.01113563,68.59504107,2.523431679,0,0,0
2023-05-01,167.1682129,168.0159325,166.2317821,166.8626422,52472900,-0.000530318,164.656601,164.2514649,0.011154461,72.61966017,2.6365076,0,0,0
2023-05-02,166.1332092,167.9173747,165.1474894,167.6610779,48425700,-0.006191391,165.5969727,164.45551,0.011333368,71.33468143,2.612489777,0,0,0
2023-05-03,165.0587769,168.4792258,164.7729247,167.0795054,65136000,-0.006467294,166.3244385,164.437767,0.011382192,56.13242582,2.478190732,0,1,0
2023-05-04,163.4224701,164.6546198,161.9636091,162.5353283,81235400,-0.009913479,165.8079163,164.3529968,0.011681068,51.73439881,2.214197596,1,1,0
2023-05-05,171.0913849,171.8109561,168.3214997,168.5383593,113453200,0.04692693,166.5748108,165.1957886,0.018453235,67.03433324,2.593897629,0,1,0
2023-05-08,171.0223694,171.3673773,169.6522196,170.0169311,55962800,-0.000403384,167.3456421,166.0011215,0.01851308,65.07932825,2.856317813,0,0,1
2023-05-09,169.3170929,171.0618061,169.1495223,170.578813,45326900,-0.009971073,167.9824188,166.7896958,0.018560154,58.66834598,2.893333589,1,0,1
2023-05-10,171.0815277,171.5448172,169.4452292,170.5492456,53724500,0.01042089,169.186969,167.7557037,0.018542774,63.9935875,3.030114724,1,0,1
2023-05-11,171.2687988,172.0967998,169.7113599,171.3673768,49514700,0.001094631,170.7562347,168.2820755,0.016804203,68.77418946,3.117687214,0,0,0
2023-05-12,170.3409729,171.8117174,168.7912449,171.3773983,45533100,-0.005417367,170.6061523,168.5904816,0.016935719,65.65815361,3.076754339,0,0,0
2023-05-15,169.8473969,170.972671,169.255141,170.9233138,37266700,-0.002897576,170.3711578,168.8584,0.016990771,68.70554723,2.970248111,0,0,0
2023-05-16,169.8473969,170.9035679,169.5808802,169.7684284,42110300,0,170.4772186,169.2298187,0.016782052,68.73580506,2.852954079,1,0,0
2023-05-17,170.4594269,170.6963172,168.2187434,169.4920894,57951600,0.003603411,170.3527985,169.7698837,0.016494703,62.02926729,2.777367654,1,0,1
2023-05-18,172.7889252,172.9764734,170.3508283,170.7654015,65496700,0.013665999,170.6568238,170.7065293,0.016068764,64.11783516,2.872325531,1,1,0
2023-05-19,172.8975067,174.1116149,172.6803472,174.1116149,55809500,0.000628405,171.1681305,170.8871414,0.006958294,64.60647806,2.922651446,0,0,0
2023-05-22,171.9498901,172.4533122,171.2095777,171.7327306,43570900,-0.0054808,171.5886292,170.9798935,0.007256791,64.89563742,2.853180666,0,0,0
2023-05-23,169.3439789,171.1404774,169.0675968,170.8937066,50747300,-0.015155062,171.4879456,170.9825821,0.008214957,60.17560147,2.558358156,1,0,0
2023-05-24,169.6203918,170.192902,168.3174497,168.8800794,45143500,0.001632257,171.3201385,170.8364685,0.007412661,65.7336688,2.320266813,1,0,1
2023-05-25,170.7555389,171.6537733,169.4723277,170.1830288,56058300,0.00669228,170.9134613,170.7851425,0.007776777,48.72424116,2.197839269,1,0,1
2023-05-26,173.164032,173.4996518,170.8740063,171.0813005,54835000,0.014104919,170.9667663,171.0674484,0.008733374,56.9076643,2.269004155,1,0,0
2023-05-30,175.0098724,176.6780456,174.2893058,174.6742677,55964400,0.010659491,171.5787628,171.583696,0.008992347,68.19635273,2.446149051,0,0,0
2023-05-31,174.960495,177.0333757,174.4768188,175.0394635,99625300,-0.000282141,172.702066,172.0950058,0.009003363,63.92548771,2.553122506,1,1,0
2023-06-01,177.7638092,177.7934205,174.6446227,175.404681,68901800,0.016022555,174.3307495,172.825444,0.009906078,69.62994978,2.831464409,1,1,0
2023-06-02,178.6127014,179.4319823,176.9445284,178.6916699,61996900,0.004775394,175.902182,173.4078216,0.009350358,75.11959851,3.084989045,0,1,0
2023-06-05,177.260376,182.5610071,175.7402596,180.2709823,121946500,-0.007571272,176.7214508,173.8441086,0.009956382,71.39580525,3.140585078,0,1,0
2023-06-06,176.8951874,177.7934216,175.1381654,177.6453652,64848400,-0.002060182,177.0985138,174.3386383,0.009705817,69.92181118,3.119221225,0,1,0
2023-06-07,175.5231628,178.8693747,175.0296212,176.1351497,61944600,-0.007756144,177.2110474,174.9565567,0.008367853,63.72388542,2.957487228,1,1,0
2023-06-08,178.2376404,178.504142,175.1678107,175.6021147,50214900,0.015465068,177.3058136,175.8182816,0.009112635,64.4654086,3.013608523,1,0,0
2023-06-09,178.6225739,179.8761586,178.2968346,179.1555921,48900000,0.002159664,177.3077881,176.604985,0.00913209,64.9792798,3.053942028,1,0,0
2023-06-12,181.4160156,181.51473,178.6324488,178.9285768,54274900,0.015638794,178.138916,177.4301834,0.009321301,72.58595372,3.273578248,0,0,0
2023-06-13,180.942215,181.7713612,180.0834574,180.438808,54929100,-0.00261168,178.9483215,178.0234177,0.009324094,80.80758569,3.370556113,1,0,0
2023-06-14,181.5739441,182.0082631,179.6688808,181.0014341,57462900,0.003491331,180.1584778,178.6847626,0.009235444,81.16315068,3.458519371,1,0,0
2023-06-15,183.6073608,184.110783,181.4061693,181.5838521,65433200,0.011198835,181.2324219,179.2691177,0.008629634,82.00592371,3.650233006,0,1,0
2023-06-16,182.5314331,184.5747027,181.889835,184.3180514,101256200,-0.005859938,182.0141937,179.6609909,0.009068119,74.98681293,3.673008909,1,1,0
2023-06-20,182.6202698,183.696202,182.0280289,182.0280289,49799100,0.000486693,182.2550446,180.1969803,0.008438598,72.39974709,3.656082314,0,0,0
2023-06-21,181.5838318,183.0150994,180.2315176,182.5116773,49515700,-0.005675372,182.3833679,180.6658447,0.008751821,68.42400604,3.518477167,1,0,0
2023-06-22,184.584549,184.6339061,181.2975603,181.3666633,51245300,0.016525244,182.9854889,181.5719834,0.008909698,68.76701422,3.609943712,0,0,0
2023-06-23,184.2686615,185.1372994,182.6202346,183.1532679,53117000,-0.001711343,183.117749,182.1750855,0.008321847,66.03241011,3.615267573,0,0,0
2023-06-26,182.8769073,185.6209974,182.8374156,184.4167547,48088700,-0.007552853,183.1868439,182.6005188,0.009015891,65.88513699,3.467215931,1,0,0
2023-06-27,185.6308746,185.9566139,183.2717463,183.4889058,50730800,0.015059131,183.7889648,183.0220047,0.008922647,71.76591866,3.531398322,1,0,0
2023-06-28,186.8054962,187.4470943,185.176815,185.5025392,51216800,0.006327728,184.8332977,183.6083328,0.008819193,78.39044321,3.635141824,1,0,0
2023-06-29,187.1411133,187.6149241,186.4995152,186.6377062,46347300,0.001796613,185.3446106,184.1650497,0.008829868,75.45145403,3.701769101,1,0,0
2023-06-30,191.4645538,191.9679609,188.7895514,189.1547825,85213200,0.023102569,186.783789,184.950769,0.010661487,79.96318727,4.056674397,0,1,0
2023-07-03,189.9740295,191.3756858,189.2830593,191.2769715,31458200,-0.007784858,188.2032135,185.6950287,0.010879448,71.26037314,4.169601971,0,0,0
2023-07-05,188.8586121,190.4872932,188.1577764,189.0955174,46920300,-0.00587142,188.848761,186.3188629,0.011289375,69.05885145,4.121581993,1,0,0
2023-07-06,189.332428,189.5397221,186.7561402,187.3878729,45094300,0.002508839,189.3541473,187.0937225,0.010844512,68.8217857,4.074787188,0,0,0
2023-07-07,188.2170105,190.1813114,187.7827066,188.9375921,46815000,-0.005891318,189.5693268,187.4569687,0.010327393,61.70414399,3.902709096,0,0,0
2023-07-10,186.1737671,187.5359468,184.6240392,186.8153652,59922200,-0.010855785,188.5111694,187.6474792,0.011070479,58.81507052,3.560420985,0,0,0
2023-07-11,185.6506042,186.8548469,184.1897254,186.7166559,46638100,-0.002810078,187.6464844,187.9248489,0.010756497,57.1829213,3.209938149,1,0,0
2023-07-12,187.3187866,189.22385,186.0355754,187.2299377,60750200,0.008985602,187.3385193,188.0936401,0.010058285,63.19850806,3.031837222,1,0,0
2023-07-13,188.0788422,188.7204553,187.3286643,188.0393655,41342300,0.004057551,187.0878021,188.2209747,0.009948461,58.96657404,2.918379823,1,0,0
2023-07-14,188.2269135,188.7105746,187.1806076,187.7728485,41616200,0.000787283,187.0897827,188.3295548,0.009941485,60.24535976,2.808042764,1,0,0
2023-07-17,191.4842834,191.8100227,189.3324341,189.421268,50520200,0.017305548,188.151886,188.3315277,0.008557726,70.31679613,2.949443035,0,0,0
2023-07-18,191.2276154,191.8198713,189.9345388,190.852534,48288200,-0.001340413,189.2672882,188.4568863,0.008134943,64.97607372,3.006139896,1,0,0
2023-07-19,192.5799255,195.6694855,190.1615598,190.6057593,80507300,0.00707173,190.319516,188.8290176,0.008004027,65.30599215,3.124179098,0,1,0
2023-07-20,190.6354065,193.9322612,190.0135392,192.5700814,59581200,-0.010097205,190.8308289,188.9593155,0.008858868,58.53424035,3.02593845,0,0,0
2023-07-21,189.4607544,192.4516153,188.7599187,191.5928578,71951700,-0.006161773,191.077597,189.0836899,0.008881682,44.2164983,2.82078121,1,1,0
2023-07-24,190.2602844,192.3923877,189.7667428,190.9117629,45377800,0.00422003,190.8327972,189.4923416,0.007932061,50.86053316,2.691679997,1,0,0
2023-07-25,191.1190643,191.9284799,190.428109,190.8328168,37283200,0.004513711,190.811087,190.0391876,0.007753997,56.90181621,2.628364566,1,0,0
2023-07-26,191.9877014,193.1129758,190.8229504,191.1684205,47471900,0.004545005,190.6926422,190.5060791,0.007491652,57.91645358,2.618098575,0,0,0
2023-07-27,190.7241974,194.6527839,190.0628535,193.4880331,47460200,-0.006581172,190.7104004,190.7706146,0.007983576,57.40952029,2.479427196,1,0,0
2023-07-28,193.3005066,194.0901762,191.6323336,192.1554865,48291400,0.013508035,191.4783508,191.2779739,0.008838152,70.41840757,2.548043492,1,0,0
2023-07-31,193.9124908,193.9519826,192.7378594,193.527529,38824100,0.003165973,192.2087921,191.5207947,0.00722551,73.55078906,2.621584417,0,0,0
2023-08-01,193.0833588,194.1888872,192.7576195,193.705226,35175100,-0.004275805,192.601651,191.706369,0.007401475,67.25762497,2.583184761,0,0,0
2023-08-02,190.0924835,192.6588908,189.371917,192.5206997,50389300,-0.015490073,192.2226074,191.4576248,0.008671645,55.31799312,2.285073215,0,0,0
2023-08-03,188.7006836,189.8851804,188.2268879,189.0955259,61235200,-0.007321699,191.8179047,191.2641525,0.008397646,51.17408912,1.914442545,0,0,0
2023-08-04,179.6392822,184.9596602,179.5701792,183.1236848,115956800,-0.048019971,189.0856598,190.2820053,0.017142314,27.20370553,0.879398545,0,1,0
2023-08-07,176.5398254,180.7645401,175.0592007,179.7774569,97576100,-0.017253781,185.6111267,188.9099594,0.017179796,24.52061627,-0.188805114,1,1,0
2023-08-08,177.4775848,177.9415152,175.2862587,177.3690051,67823000,0.005311886,182.4899719,187.5458115,0.017242629,23.41917806,-0.94875817,0,1,0
2023-08-09,175.8883514,178.5929497,174.7235855,178.5337271,60378500,-0.008954558,179.6491455,185.9358765,0.01673842,23.71577666,-1.66012738,0,0,0
2023-08-10,175.6711731,178.4152628,175.3059572,177.1616631,54686900,-0.001234751,177.0432434,184.430574,0.016894411,24.55381866,-2.215873864,1,0,0
2023-08-11,175.7304993,176.5508865,174.5048729,175.2659576,52036700,0.000337712,176.2614868,182.6735733,0.015480736,22.43487535,-2.621303078,1,0,0
2023-08-14,177.3811646,177.608496,175.2560608,175.9084191,43675600,0.009393163,176.4297546,181.0204407,0.016151884,24.69744933,-2.777397645,0,0,0
2023-08-15,175.3944397,177.4009232,174.9990793,176.8078826,43622600,-0.011200315,176.0131256,179.2515488,0.016087021,20.64734467,-3.02652788,0,0,0
2023-08-16,174.5246429,176.4718088,174.4554466,175.0781536,46964900,-0.00495909,175.7403839,177.6947647,0.015991607,20.93900341,-3.256610539,0,0,0
2023-08-17,171.9844055,175.4537407,171.4704249,175.0880315,66062900,-0.014555179,175.0030304,176.0231369,0.016101129,11.7106815,-3.602402381,1,1,0
2023-08-18,172.46875,173.0716845,169.9680582,170.3041161,61172200,0.002816212,174.3506805,175.3060837,0.008840492,11.30396684,-3.793631729,1,0,0
2023-08-21,173.8031006,174.0897497,171.7274356,173.042031,46311900,0.007736767,173.6350677,175.0324112,0.008195649,15.83107866,-3.793779099,1,0,0
2023-08-22,175.1770172,175.6218015,174.2083735,175.0089883,42038900,0.007905018,173.5915832,174.8023544,0.008472556,21.95939445,-3.641060425,1,0,0
2023-08-23,179.0219421,179.446969,176.2642675,176.452069,52722800,0.021948798,174.4910431,175.1157135,0.010701553,33.3408447,-3.17319782,0,0,0
2023-08-24,174.3368683,179.0021943,173.971144,178.5771675,54945800,-0.026170389,174.9615356,174.982283,0.013914831,39.25461783,-3.144215082,1,0,0
2023-08-25,176.5410004,177.0747384,173.7833261,175.3252528,51449600,0.012642949,175.7759857,175.0633331,0.014544172,50.00247081,-2.909848096,1,0,0
2023-08-28,178.1026917,178.498052,176.4816899,178.003844,43820700,0.008846054,176.6359039,175.1354858,0.014508219,51.28087298,-2.568487213,1,0,0
2023-08-29,181.9871674,182.7581307,177.4206898,177.61837,53003900,0.021810314,177.997934,175.7947586,0.015284655,61.42235629,-1.961896013,1,0,0
2023-08-30,185.4762878,185.6739831,182.6000083,182.7976885,60813900,0.019172343,179.2888031,176.8899231,0.015648349,66.3588817,-1.185954317,1,0,0
2023-08-31,185.6937408,186.9292611,185.3082591,185.6640896,60794500,0.001172403,181.5601776,178.2608566,0.014036144,66.53545351,-0.547160961,1,0,0
2023-09-01,187.2653351,187.7199981,186.0989962,187.2949864,45766500,0.008463367,183.7050446,179.7405151,0.013927064,66.44739142,0.084922962,1,0,0
2023-09-05,187.5025482,187.7793035,185.436762,186.098999,45280000,0.001266722,185.5850159,181.1104599,0.014107974,71.39368446,0.598100608,0,0,0
2023-09-06,180.7912292,186.6624245,179.3679074,186.2176251,81755800,-0.035793215,185.3458282,181.6718811,0.019699074,59.17781845,0.45797103,0,1,0
2023-09-07,175.5031586,176.1456381,171.5297217,173.1507234,112488800,-0.029249597,183.3512024,181.3200028,0.020938355,54.76955058,-0.078876534,1,1,0
2023-09-08,176.1159668,178.1521166,175.7304851,176.2840108,65551300,0.003491722,181.4356476,181.4979126,0.019122064,54.92652184,-0.449699736,1,1,0
2023-09-11,177.2823181,178.2114317,175.2857133,177.9841002,58953100,0.006622632,179.4390442,181.5720444,0.01881343,54.72102132,-0.642063684,0,0,0
2023-09-12,174.257782,178.0434179,172.7949302,177.4108321,90370200,-0.017060563,176.7900909,181.1875534,0.019325478,48.80614972,-1.026732748,0,1,0
2023-09-13,172.1920013,175.2462039,171.9646547,174.4653466,84267900,-0.01185474,175.0702454,180.2080368,0.017567074,40.69987533,-1.481202609,1,1,0
2023-09-14,173.7042694,174.0600998,171.5692868,171.9844198,60895800,0.008782453,174.7104675,179.0308349,0.016208523,49.05714012,-1.699752166,0,0,0
2023-09-15,172.9826813,174.4554266,171.8064789,174.435654,109259500,-0.004154118,174.0838104,177.759729,0.016017845,44.45127066,-1.90917264,1,1,0
2023-09-18,175.9084167,177.3020871,174.1292647,174.4356713,67257600,0.016913458,173.8090301,176.6240372,0.017107081,46.71793947,-1.818099559,1,1,0
2023-09-19,176.9956665,177.5491771,175.078137,175.4636186,51826900,0.006180772,174.356607,175.573349,0.017410209,41.85223051,-1.639294745,0,0,0
2023-09-20,173.4571533,177.6183768,173.3681844,177.1834713,58436200,-0.019992089,174.6096374,174.8399414,0.014903229,30.41240856,-1.762798638,0,0,0
2023-09-21,171.9152069,174.2577633,171.8460256,172.5280352,63149100,-0.008889494,174.2518249,174.4811462,0.012225524,28.47438687,-1.962476346,1,1,0
2023-09-22,172.7652588,175.0287403,172.0338405,172.6466537,56725400,0.0049446,174.2083404,174.1460754,0.012306352,26.82467137,-2.028744183,1,0,0
2023-09-25,174.0403137,174.9200035,172.1326627,172.1820866,46172700,0.007380274,173.8347198,173.821875,0.0123665,29.17434408,-1.955830056,0,0,0
2023-09-26,169.9680481,173.1705068,169.6715202,172.7949189,64588900,-0.023398404,172.4291962,173.3929016,0.013359474,31.76824208,-2.201268038,0,1,0
2023-09-27,168.4557648,171.0355316,167.0917607,170.6203986,66921800,-0.008897456,171.4289185,173.019278,0.013158359,36.39837101,-2.489115062,1,1,0
2023-09-28,168.7127686,170.0372427,165.6783235,167.3784006,56294400,0.001525646,170.7884308,172.5201279,0.012682203,35.51268872,-2.665768523,1,0,0
2023-09-29,169.2267456,171.0652004,168.3668132,170.0273603,51861100,0.003046462,170.0807282,172.1445343,0.012803056,33.82301746,-2.732792089,1,0,0
2023-10-02,171.7373047,172.2809366,168.9499639,169.2366131,52164500,0.014835475,169.6201264,171.7274231,0.012472431,44.83175722,-2.553887979,0,0,0
2023-10-03,170.4029083,171.6186708,168.8412244,170.2645307,49594600,-0.007769986,169.7070984,171.0681473,0.012192217,46.218025,-2.491064381,1,0,1
2023-10-04,171.6483307,172.1919625,168.9894892,169.1080943,53020300,0.007308692,170.3456116,170.887265,0.011156717,45.6043476,-2.314105481,1,0,0
2023-10-05,172.8838654,173.4176034,170.6796866,171.7768291,48527900,0.007198058,171.1798309,170.9841309,0.011050681,49.79327212,-2.050529722,1,0,0
2023-10-06,175.43396,175.928168,171.1738744,171.7867025,57266700,0.014750333,172.4212738,171.251001,0.011881167,48.99156271,-1.617230288,1,0,0
2023-10-09,176.9165955,176.975898,173.7635458,174.7618406,42390800,0.008451246,173.457132,171.5386292,0.011943743,49.834716,-1.141047783,0,0,0
2023-10-10,176.3235474,177.6381426,175.8886419,176.0369133,43698000,-0.003352134,174.6412598,172.1741791,0.008426711,56.83311885,-0.802275608,1,0,0
2023-10-11,177.7172394,177.7666632,175.5427267,176.1357674,47551100,0.007904174,175.8550415,173.1003266,0.007222735,63.92976837,-0.416535362,1,0,0
2023-10-12,178.6166992,180.2278074,176.9660309,177.9841135,56743100,0.005061185,177.0016083,174.0907196,0.007098023,64.01513929,-0.037818599,0,0,0
2023-10-13,176.7782135,179.8225216,176.0764315,179.3184349,51427100,-0.010292911,177.270459,174.8458664,0.008727555,56.38536763,0.112667966,0,0,0
2023-10-16,176.6497345,177.0055649,174.4653282,174.7025535,52517000,-0.000726781,177.2170868,175.3371094,0.008020746,69.09591063,0.219037544,0,0,0
2023-10-17,175.0979004,176.353193,172.7751317,174.6036924,57549400,-0.008784809,176.9719574,175.8066086,0.008175026,68.94005906,0.176086344,0,0,0
2023-10-18,173.8031006,175.5229502,173.081561,173.5461178,54764400,-0.007394719,176.1891296,176.0220856,0.00857674,63.70400974,0.037139564,0,0,0
2023-10-19,173.4275055,175.7799257,173.1606289,174.0007736,59302900,-0.002161038,175.1512909,176.0764496,0.008367449,61.39403176,-0.102107119,0,0,0
2023-10-20,170.8773804,173.3879506,170.6401551,173.2792243,64244000,-0.014704271,173.9711243,175.6207916,0.00790474,47.67255924,-0.413468692,1,1,0
2023-10-23,170.9959564,171.9942511,167.9615123,168.9301707,55980100,0.000693924,172.8403687,175.0287277,0.007032199,51.71820488,-0.643241996,1,0,1
2023-10-24,171.4308929,171.6582244,169.4639395,171.0454113,43816600,0.002543548,172.1069672,174.5394623,0.00727727,49.33898618,-0.781237633,0,0,0
2023-10-25,169.117981,171.0552678,168.6731817,169.8889442,57157000,-0.013491803,171.1699432,173.6795364,0.006921595,39.25547896,-1.064956672,0,0,0
2023-10-26,164.9567719,169.3947658,163.7509029,168.3964559,70625300,-0.024605362,169.4757965,172.3135437,0.008371334,22.62410029,-1.607055715,1,1,0
2023-10-27,166.2713623,167.0027957,164.8974645,164.9765396,58499100,0.007969302,168.5545929,171.2628586,0.009679269,21.93858694,-1.908595552,1,0,0
2023-10-30,168.3173676,169.1871785,166.9138185,167.06209,51131000,0.012305218,168.0188751,170.4296219,0.011230962,30.39690148,-1.959880237,1,0,0
2023-10-31,168.7918549,168.9203387,165.9550898,167.3883055,44846000,0.002819004,167.4910675,169.7990174,0.011367877,27.11615326,-1.93987489,1,0,0
2023-11-01,171.9547577,172.2117405,168.1493495,169.0191605,56934900,0.01873848,168.0584229,169.6141831,0.013247674,34.69570309,-1.649783013,1,0,0
2023-11-02,175.5130463,175.7206052,173.4274878,173.4867903,77334800,0.020693167,170.1696778,169.8227371,0.014892328,47.30640589,-1.119850026,0,1,0
2023-11-03,174.603714,174.771758,171.3419526,172.2216424,79829200,-0.005180995,171.8361481,170.1953705,0.014035289,45.78411212,-0.764437868,1,1,0
2023-11-06,177.1538239,177.3515041,174.1688179,174.3368469,63841300,0.01460513,173.6034394,170.8111573,0.014544273,54.06890055,-0.273841936,1,1,0
2023-11-07,179.7138214,180.3266346,176.8968295,177.1043884,70530000,0.014450704,175.7878327,171.6394501,0.014926949,61.14008386,0.317865127,1,1,0
2023-11-08,180.7714233,181.324934,179.4864794,180.2376853,49340300,0.005884922,177.5511658,172.8047943,0.013470923,63.49435461,0.86219799,0,0,0
2023-11-09,180.2969818,181.9871649,179.7039261,180.8406137,53763500,-0.002624538,178.5079529,174.3388153,0.008748397,68.73772602,1.240996803,1,0,0
2023-11-10,184.4835052,184.6517707,181.6430183,182.0784968,66133400,0.023220152,180.4839111,176.1600296,0.009819128,73.09247767,1.857601764,0,1,0
2023-11-13,182.8999481,184.1172974,182.3160179,183.909465,43627500,-0.008583733,181.633136,177.6182877,0.011472972,68.89343485,2.193203926,1,0,0
2023-11-14,185.5127869,186.1758963,184.3845087,185.7701082,60108400,0.014285618,182.7929291,179.2903809,0.011425874,76.74355169,2.6395779,1,0,0
2023-11-15,186.0769501,187.5516359,185.8493191,185.9186066,53790500,0.003041101,183.8540344,180.7026001,0.011096633,89.03216245,3.004224912,1,0,0
2023-11-16,187.7594452,188.9965929,186.7103312,187.6208852,54412900,0.009041932,185.3465271,181.92724,0.010187823,89.17930742,3.389896967,0,0,0
2023-11-17,187.7396851,188.4225932,186.6312053,188.2939249,50922700,-0.000105242,185.9977631,183.2408371,0.009635265,88.23817826,3.651854073,1,0,0
2023-11-20,189.4815674,189.9368445,187.9277175,187.9376092,46505100,0.009278178,187.3140869,184.4736115,0.009330272,88.79724415,3.954428126,0,0,0
2023-11-21,188.6798859,189.5508428,187.7891455,189.4419731,38134500,-0.004230921,187.9475067,185.3702179,0.009494554,84.41005864,4.08247106,1,0,0
2023-11-22,189.3430176,190.9463565,188.867957,189.5211747,39617700,0.003514586,188.6007202,186.2273773,0.009497396,82.30167177,4.189165107,0,0,0
2023-11-24,188.0167694,188.9372001,187.3041711,188.9075098,24048300,-0.007004474,188.6521851,186.9993561,0.009961535,80.72944871,4.119219958,0,0,0
2023-11-27,187.8386078,188.7095646,186.9577592,187.967276,40552600,-0.000947584,188.6719696,187.3348664,0.007465647,77.46380348,4.003264628,1,0,0
2023-11-28,188.442337,189.1153533,187.4526188,187.8287166,38415400,0.003214085,188.4641235,187.8891052,0.006508105,74.94401018,3.914955921,0,0,0
2023-11-29,187.4229584,190.1149935,187.0270771,188.9372262,43014200,-0.005409499,188.212738,188.0801224,0.005638236,69.05011466,3.719835353,1,0,0
2023-11-30,187.996994,188.3632001,186.2550952,187.8881244,48794400,0.003062782,187.9435333,188.2721268,0.005639096,71.92787785,3.570363841,1,0,0
2023-12-01,189.2737274,189.5904294,187.284384,188.3730802,45704800,0.006791244,188.1949249,188.423555,0.005320194,66.35134074,3.514416303,0,0,0
2023-12-04,187.4823151,188.0959506,185.5226772,188.0266631,43389500,-0.009464664,188.1236664,188.397818,0.006243482,65.42297546,3.287627749,1,0,0
2023-12-05,191.4313049,192.4012246,188.2246123,188.2543178,66628400,0.021063266,188.72146,188.5927918,0.008802379,68.27627889,3.387497694,0,1,0
2023-12-06,190.3426208,192.7575207,190.1347734,192.4507105,41089700,-0.005687075,189.3053924,188.7590652,0.008910985,62.75899781,3.340292821,1,0,0
2023-12-07,192.2725677,192.9950578,191.5995515,191.6391487,47477700,0.010139331,190.1605072,189.0520203,0.009360766,63.30223497,3.419198809,1,0,0
2023-12-08,193.6977692,193.9748891,191.6787354,192.2032849,53406400,0.007412402,191.0453155,189.6201202,0.008995538,66.21757802,3.555745799,0,0,0
2023-12-11,191.1937714,191.5005967,189.4518726,191.1244989,60943700,-0.012927345,191.7876068,189.9556366,0.010287211,54.47486872,3.422456627,1,0,0
2023-12-12,192.7080688,192.7179606,189.7488055,191.0948231,52696900,0.007920223,192.0429596,190.3822098,0.010464225,60.14965087,3.399824087,1,0,0
2023-12-13,195.9246368,195.9642189,192.8466124,193.0841351,70404200,0.016691403,193.1593628,191.2323776,0.010978617,64.69282994,3.599939925,1,1,0
2023-12-14,196.0731049,197.5675741,194.1431571,195.9840338,66831600,0.000757782,193.9194702,192.0399887,0.011036194,68.98323688,3.72754449,0,0,0
2023-12-15,195.5386658,196.3601187,194.9745191,195.4990686,128538400,-0.002725713,194.2876495,192.6664825,0.011203659,67.84413279,3.742407119,0,1,0
2023-12-18,193.8759155,194.6083125,192.3913381,194.0738562,55751900,-0.008503435,194.8240784,193.3058426,0.011085302,62.00265476,3.578762065,1,0,0
2023-12-19,194.9151154,194.9250071,193.8759082,194.1431363,40714100,0.005360129,195.2654877,193.6542236,0.009271161,66.53552904,3.492665652,0,0,0
2023-12-20,192.8268127,195.6475008,192.8268127,194.8755217,52242800,-0.010713908,194.6459229,193.9026428,0.009843467,59.99176722,3.218820491,0,0,0
2023-12-21,192.6783752,195.0537085,191.5105148,194.0837887,46482500,-0.000769797,193.9669769,193.9432236,0.009352305,57.3883356,2.955746555,0,0,0
2023-12-22,191.6094666,193.4008542,190.9859392,193.1732082,37149600,-0.005547631,193.1811371,193.7343933,0.009145195,59.24616016,2.630681714,0,0,0
2023-12-26,191.0651245,191.8964843,190.8473853,191.6193644,28919300,-0.002840894,192.6189789,193.7215286,0.008196134,49.03196249,2.302598702,1,0,0
2023-12-27,191.1640778,191.5104852,189.1252605,190.5108752,48087700,0.000517904,191.8687714,193.5671295,0.007717929,52.2915241,2.027206878,1,0,0
2023-12-28,191.5896759,192.6585735,191.1838878,192.1439158,34049900,0.00222635,191.621344,193.1336334,0.0049333,47.92048089,1.822292825,0,0,0
2023-12-29,190.5504608,192.4012292,189.7586832,191.90637,42672100,-0.005424171,191.1957611,192.581369,0.004905399,40.1851975,1.558080407,0,0,0
